"Dataset_ID","Dataset_Name","Subtitle","Task_Class","Track_Lane","Industry","Format","Purpose","Algorithm_Hint","Label_Readiness","Leakage_Risk","Field_Value_Score","Explainability_Score","Scalability_Score","Provisional_Score","Decision","Guidebook_File","Guidebook_Status","Review_Needed"
"1","제조 현장용 OCR학습 AI 데이터셋","충진중량을 Optical Character Recognition으로 DB에 자동기록","공정·자원 최적화","최적화","정밀가공","jpg","생산공정 최적화","확률적 경사 하강법(stochastic gradient descent)를 활용한 딥러닝 기반의 이미지 분류 알고리즘","높음(지도학습 후보)","높음(시간·설비·LOT 분할 필수)","4","3","4","83","B: 유력 후보","01. Guidebook_OCR.pdf","verified","실제 과제 목표·평가지표·라벨 정의 공개 후 재평가"
"2","Ford 엔진 진동 AI 데이터셋","Ford 엔진 진동 데이터를 활용한 모터 이상탐지 데이터","예지보전·고장진단","예지보전","기타","txt","예지보전","로지스틱 회귀, XGBoost, 합성곱신경망(CNN), 순환신경망(RNN)","높음(지도학습 후보)","높음(시간·설비·LOT 분할 필수)","5","5","4","97","A: 우선 검토","02. Guidebook_FordEngine.pdf","verified","실제 과제 목표·평가지표·라벨 정의 공개 후 재평가"
"3","CNC 머신 AI 데이터셋","최적 가공조건 분석을 위한 CNC 머신 데이터","공정·자원 최적화","최적화","정밀가공","csv","생산공정 최적화","딥뉴럴네트워크 (Deep Neural Network)","높음(지도학습 후보)","중간(그룹·시간 컬럼 확인)","4","5","4","94","A: 우선 검토","03. Guidebook_CNC.pdf","verified","실제 과제 목표·평가지표·라벨 정의 공개 후 재평가"
"4","사출성형기 AI 데이터셋","사출 성형 최적 조건 분석을 위한 사출성형기 데이터","품질보증·예측","품질/예지보전","사출성형","csv","품질보증","라벨이 있는 데이터와 라벨이 없는 데이터를 모두 훈련에 사용하여 학습된 모델을 다양한 기계학습 모델 (오토인코더, 서포터벡터머신, Deep Neural Network 등)의 결괏값 비교를 통하여 최적의 알고리즘을 선택한다.","높음(지도학습 후보)","중간(그룹·시간 컬럼 확인)","5","5","4","100","A: 우선 검토","04. Guidebook_Molding.pdf","verified","실제 과제 목표·평가지표·라벨 정의 공개 후 재평가"
"5","용접기 AI 데이터셋","용접 불량 예측 분석을 위한 로봇 용접기 데이터","품질보증·예측","품질/예지보전","뿌리(용접접합)","csv","품질보증","Anomaly detection (이상치 탐지) - 오토인코더","높음(지도학습 후보)","중간(그룹·시간 컬럼 확인)","5","5","4","100","A: 우선 검토","05. Guidebook_Welding.pdf","verified","실제 과제 목표·평가지표·라벨 정의 공개 후 재평가"
"6","머신비전 AI 데이터셋","열화상 이미지를 이용한 양/불량 판정을 위한 머신비전 데이터","품질보증·예측","품질/예지보전","사출성형","csv","품질보증","비선형 SVM Machine ( 좌 우 제품에 각각 적용 )","높음(지도학습 후보)","중간(그룹·시간 컬럼 확인)","5","5","4","100","A: 우선 검토","06. Guidebook_Machinevision.pdf","verified","실제 과제 목표·평가지표·라벨 정의 공개 후 재평가"
"7","프레스기 AI 데이터셋","프레스벤딩 성형 최적 조건 분석을 위한 프레스 가공 데이터","공정·자원 최적화","최적화","뿌리(소성가공)","csv","생산공정 최적화","혼합 가우시안 모델(Gaussian Mixture Model)","높음(지도학습 후보)","중간(그룹·시간 컬럼 확인)","4","5","4","94","A: 우선 검토","07. Guidebook_Press.pdf","verified","실제 과제 목표·평가지표·라벨 정의 공개 후 재평가"
"8","용해탱크 AI 데이터셋","식품 가공 공정에서의 품질 예측을 위한 원재료 공급설비(용해탱크) 데이터","품질보증·예측","품질/예지보전","식품가공","csv","품질보증","LSTM(Long Short-Term Memory)을 이용하여 시계열 데이터 기반의 품질예측을 수행하고 예측 정확도를 확보한다.","높음(지도학습 후보)","높음(시간·설비·LOT 분할 필수)","5","5","4","97","A: 우선 검토","08. Guidebook_Meltingtank.pdf","verified","실제 과제 목표·평가지표·라벨 정의 공개 후 재평가"
"9","교반구동장치 AI 데이터셋","3축(x,y,z) 진동데이터 기반 설비 예지보전을 위한 교반구동장치 데이터","예지보전·고장진단","예지보전","식품가공","csv","예지보전","K-최근접 이웃(K-NN) 회귀를 이용하여 표준데이터를 추출하고 이에 대한 불량 예측값과 실제값을 비교하여 정확도를 확인한다.","높음(지도학습 후보)","높음(시간·설비·LOT 분할 필수)","5","5","4","97","A: 우선 검토","09. Guidebook_Mixer.pdf","verified","실제 과제 목표·평가지표·라벨 정의 공개 후 재평가"
"10","살균기 AI 데이터셋","식품 살균 공정에서의 품질 예측을 위한 살균기 데이터","품질보증·예측","품질/예지보전","식품가공","csv","품질보증","의사결정나무(Decision Tree)를 이용하여 품질 불량 선별에 중요한 설비운영데이터를 선별 및 예측하고 예측 정확도를 확인한다.","높음(지도학습 후보)","중간(그룹·시간 컬럼 확인)","5","5","4","100","A: 우선 검토","10. Guidebook_Pasteurizer.pdf","verified","실제 과제 목표·평가지표·라벨 정의 공개 후 재평가"
"11","건조구동장치 AI 데이터셋","3축(x,y,z) 진동데이터 기반 설비 예지보전을 위한 건조 구동장치 데이터","예지보전·고장진단","예지보전","식품가공","csv","예지보전","주성분 분석 (PCA)","높음(지도학습 후보)","높음(시간·설비·LOT 분할 필수)","5","5","4","97","A: 우선 검토","11. Guidebook_Dryer.pdf","verified","실제 과제 목표·평가지표·라벨 정의 공개 후 재평가"
"12","X-ray 검사장비 AI 데이터셋","이미지 데이터 기반 이물질 검출을 위한 X-ray 검사장비 데이터","품질보증·예측","품질/예지보전","식품가공","bmp","품질보증","YOLOv3","높음(지도학습 후보)","중간(동일제품·프레임 중복 점검)","5","3","4","92","A: 우선 검토","12. Guidebook_XrayInspection.pdf","verified","실제 과제 목표·평가지표·라벨 정의 공개 후 재평가"
"16","제조현장용 Scene-Text Recognition 학습 AI 데이터셋","제관충진량 인식 및 탐지를 위한 이미지 데이터","품질보증·예측","품질/예지보전","뿌리(용접접합)","jpg","품질보증","마스크 어텐션을 활용한 Scene-Text 스포팅 알고리즘 (Mango : A Mask Attention Guided One-Stage Scene Text Spotter)","높음(지도학습 후보)","중간(동일제품·프레임 중복 점검)","5","3","4","92","A: 우선 검토","Guidebook_제조현장용 Scene-Text Recognition 학습 AI 데이터셋.pdf","verified","실제 과제 목표·평가지표·라벨 정의 공개 후 재평가"
"18","회전기계 고장유형 AI 데이터셋","고장 분석 및 진단을 위한 회전 설비의 진동데이터","예지보전·고장진단","예지보전","기타","csv","예지보전","심층신경망(DNN), 합성곱신경망(CNN), 순환신경망(RNN)","높음(지도학습 후보)","높음(시간·설비·LOT 분할 필수)","5","5","4","97","A: 우선 검토","Guidebook_회전기계 고장유형 AI 데이터셋.pdf","verified","실제 과제 목표·평가지표·라벨 정의 공개 후 재평가"
"19","공정운영 최적화 AI 데이터셋","공정 운영 최적화를 위한 산제 전처리 설비데이터","공정·자원 최적화","최적화","뿌리(표면처리)","csv","생산공정 최적화","Decision Tree(의사결정나무)","높음(지도학습 후보)","높음(시간·설비·LOT 분할 필수)","4","5","4","92","A: 우선 검토","Guidebook_공정운영 최적화 AI 데이터셋.pdf","verified","실제 과제 목표·평가지표·라벨 정의 공개 후 재평가"
"20","품질 이상탐지,진단(전해탈지) AI 데이터셋","품질 예측을 위한 전해탈지 공정 데이터","품질 이상탐지·진단","품질/이상탐지","뿌리(표면처리)","csv","품질보증","autoKeras의 Regression","높음(지도학습 후보)","높음(시간·설비·LOT 분할 필수)","5","5","4","97","A: 우선 검토","Guidebook_품질 이상탐지, 진단(전해탈지) AI 데이터셋.pdf","verified","실제 과제 목표·평가지표·라벨 정의 공개 후 재평가"
"21","품질 이상탐지,진단(도금욕) AI 데이터셋","도금 공정에서의 품질 예측을 위한 도금 공정 데이터","품질 이상탐지·진단","품질/이상탐지","뿌리(표면처리)","csv","품질보증","Decision Tree(의사결정나무), autoKeras의 Regression","높음(지도학습 후보)","높음(시간·설비·LOT 분할 필수)","5","5","4","97","A: 우선 검토","Guidebook_품질 이상탐지, 진단(도금욕) AI 데이터셋.pdf","verified","실제 과제 목표·평가지표·라벨 정의 공개 후 재평가"
"23","장비이상 조기탐지 AI 데이터셋","설비 예지보전을 위한 열풍건조 공정 데이터 및 소리 데이터","예지보전·고장진단","예지보전","뿌리(표면처리)","csv","예지보전","Sound Data와 numerical Data를 특성을 활용하여 머신러닝의 Decision Tree 딥러닝의 Long-Short Term Memory(LSTM) 적용해 설비 예지 보전 및 이상 탐지를 진행하고자 한다.","높음(지도학습 후보)","높음(시간·설비·LOT 분할 필수)","5","5","4","97","A: 우선 검토","Guidebook_장비이상 조기탐지 AI 데이터셋.pdf","verified","실제 과제 목표·평가지표·라벨 정의 공개 후 재평가"
"25","품질 이상탐지,진단(크로메이트) AI 데이터셋","품질 이상 예측을 위한 크로메이트 공정 데이터 및 이미지 데이터","품질 이상탐지·진단","품질/이상탐지","뿌리(표면처리)","jpg","품질보증","Decision Tree(의사결정나무), Convolutional Neural Networks(CNN)","높음(지도학습 후보)","높음(시간·설비·LOT 분할 필수)","5","3","4","89","A: 우선 검토","Guidebook_품질 이상탐지, 진단(크로메이트) AI 데이터셋.pdf","verified","실제 과제 목표·평가지표·라벨 정의 공개 후 재평가"
"26","공급망 최적화 AI 데이터셋","납품 수량 예측을 위한 발주 수량 시계열 데이터","공정·자원 최적화","최적화","기타","csv","공급망 최적화","장단기 메모리(Long-Short Term Memory, LSTM)","높음(지도학습 후보)","높음(시간·설비·LOT 분할 필수)","4","5","4","92","A: 우선 검토","Guidebook_공급망 최적화 AI 데이터셋.pdf","verified","실제 과제 목표·평가지표·라벨 정의 공개 후 재평가"
"27","자원 최적화 AI 데이터셋","에너지(전력) 사용량 예측을 위한 생산 데이터","공정·자원 최적화","최적화","기타","csv","자원 최적화","Random Forest, Deep Neural Network","높음(지도학습 후보)","높음(시간·설비·LOT 분할 필수)","4","5","4","92","A: 우선 검토","Guidebook_자원 최적화 AI 데이터셋.pdf","verified","실제 과제 목표·평가지표·라벨 정의 공개 후 재평가"
"28","생산공정 최적화 AI 데이터셋","생산공정 최적화를 위한 콘택트렌즈의 도수와 금형조합 데이터","공정·자원 최적화","최적화","사출성형","csv","생산공정 최적화","연관규칙(Association rule), XGBoost","중간(라벨 확인 필요)","중간(그룹·시간 컬럼 확인)","4","5","4","83","B: 유력 후보","Guidebook_생산공정 최적화 AI 데이터셋.pdf","verified","실제 과제 목표·평가지표·라벨 정의 공개 후 재평가"
"29","제조현장 안전관리 AI 데이터셋","안전관리를 위한 작업자 위치 기반의 이미지데이터","기타","품질/예지보전","기타","bmp","기타","라벨이 있는 데이터를 Supervised learning(지도학습)을 통해 학습시키는 알고리즘을 선택한다.","높음(지도학습 후보)","중간(동일제품·프레임 중복 점검)","4","3","3","82","B: 유력 후보","Guidebook_제조현장 안전관리 AI 데이터셋.pdf","verified","실제 과제 목표·평가지표·라벨 정의 공개 후 재평가"
"30","생산계획 최적화 AI 데이터셋","최적의 생산계획 수립을 위한 NC설비의 작업 데이터","공정·자원 최적화","최적화","기타","csv","기타","유전 알고리즘 (Genetic algorithm)","중간(라벨 확인 필요)","중간(그룹·시간 컬럼 확인)","4","5","4","83","B: 유력 후보","Guidebook_생산계획 최적화 AI 데이터셋.pdf","verified","실제 과제 목표·평가지표·라벨 정의 공개 후 재평가"
"36","표면처리 공급망 최적화 AI 데이터셋","최적 생산량 예측을 위한 원자재, 중간재, 완제품 유통 데이터","공정·자원 최적화","최적화","뿌리(표면처리)","csv","공급망 최적화","유전 알고리즘(Genetic Algorithm)","중간(라벨 확인 필요)","중간(그룹·시간 컬럼 확인)","4","5","4","83","B: 유력 후보","Guidebook_표면처리 공급망최적화 AI 데이터셋.pdf","verified","실제 과제 목표·평가지표·라벨 정의 공개 후 재평가"
"37","열처리 공급망 최적화 AI 데이터셋","출고 수량 예측을 위한 공급망 데이터","공정·자원 최적화","최적화","뿌리(열처리)","csv","공급망 최적화","베이지안 신경망 (Bayesian Neural Network)","중간(라벨 확인 필요)","중간(그룹·시간 컬럼 확인)","4","5","4","83","B: 유력 후보","Guidebook_열처리 공급망최적화 AI 데이터셋.pdf","verified","실제 과제 목표·평가지표·라벨 정의 공개 후 재평가"
"40","사출성형 공급망 최적화 AI 데이터셋","최적의 생산계획 수립을 위한 수주량 데이터","공정·자원 최적화","최적화","사출성형","csv","공급망 최적화","1차원 합성곱 신경망 (One-dimensional Convolutional Neural Network, 1D CNN)","높음(지도학습 후보)","높음(시간·설비·LOT 분할 필수)","4","3","4","83","B: 유력 후보","Guidebook_사출성형 공급망최적화 AI 데이터셋.pdf","verified","실제 과제 목표·평가지표·라벨 정의 공개 후 재평가"
"41","표면처리 자원 최적화 AI 데이터셋","최적 투입 인원 도출을 위한 공정, 유통 데이터","공정·자원 최적화","최적화","뿌리(표면처리)","csv","자원 최적화","Randomforest","중간(라벨 확인 필요)","중간(그룹·시간 컬럼 확인)","4","5","4","83","B: 유력 후보","Guidebook_표면처리 자원최적화 AI 데이터셋.pdf","verified","실제 과제 목표·평가지표·라벨 정의 공개 후 재평가"
"42","화장품 품질보증 AI 데이터셋","최적 공정조건 도출을 위한 혼합탱크 데이터","품질보증·예측","품질/예지보전","화장품","csv","품질보증","DNN(Deep Neural Network)","높음(지도학습 후보)","중간(그룹·시간 컬럼 확인)","5","5","4","100","A: 우선 검토","Guidebook_화장품 품질보증 AI 데이터셋.pdf","verified","실제 과제 목표·평가지표·라벨 정의 공개 후 재평가"
"43","열처리 예지보전 AI 데이터셋","열처리 설비 예지보전을 위한 열처리 공정 데이터","예지보전·고장진단","예지보전","뿌리(열처리)","csv","예지보전","오토인코더 (Auto-Encoder)","높음(지도학습 후보)","중간(그룹·시간 컬럼 확인)","5","5","4","100","A: 우선 검토","Guidebook_열처리 예지보전 AI 데이터셋.pdf","verified","실제 과제 목표·평가지표·라벨 정의 공개 후 재평가"
"44","정밀가공 자원최적화 AI 데이터셋","가공 품질 평가 공정 개선을 통한 자원 최적화","공정·자원 최적화","최적화","정밀가공","csv","자원 최적화","LSTM Autoencoder","높음(지도학습 후보)","높음(시간·설비·LOT 분할 필수)","4","5","4","92","A: 우선 검토","Guidebook_정밀가공 자원최적화 AI 데이터셋.pdf","verified","실제 과제 목표·평가지표·라벨 정의 공개 후 재평가"
"45","로봇용접 예지보전 AI 데이터셋","로봇 용접기 설비의 예지보전을 위한 용접 공정 데이터","예지보전·고장진단","예지보전","뿌리(용접접합)","csv","예지보전","Convolutional Autoencoder","높음(지도학습 후보)","높음(시간·설비·LOT 분할 필수)","5","5","4","97","A: 우선 검토","Guidebook_로봇용접 예지보전 AI 데이터셋.pdf","verified","실제 과제 목표·평가지표·라벨 정의 공개 후 재평가"
"46","소성가공 자원최적화 AI 데이터셋","생산 부품에 따라 변동되는 에너지 소모량 예측을 위한 전류 데이터","공정·자원 최적화","최적화","뿌리(소성가공)","csv","자원 최적화","PyCaret을 이용한 Regression benchmark model analysis","중간(라벨 확인 필요)","높음(시간·설비·LOT 분할 필수)","4","5","4","80","B: 유력 후보","Guidebook_소성가공 자원최적화 AI 데이터셋.pdf","verified","실제 과제 목표·평가지표·라벨 정의 공개 후 재평가"
"47","전자부품(음향기기) 품질보증 AI 데이터셋","음향기기 제품의 품질검사 자동화를 위한 음향 데이터","품질보증·예측","품질/예지보전","전자부품","wav","품질보증","장단기 메모리(Long-Short Term Memory, LSTM)","높음(지도학습 후보)","높음(시간·설비·LOT 분할 필수)","5","3","4","89","A: 우선 검토","Guidebook_전자부품(음향기기) 품질보증 AI 데이터셋.pdf","verified","실제 과제 목표·평가지표·라벨 정의 공개 후 재평가"
"48","소성가공 예지보전 AI 데이터셋","소성가공 예지보전 분석을 위한 소성가공 데이터","예지보전·고장진단","예지보전","뿌리(소성가공)","csv","예지보전","LSTM-Autoencoder","높음(지도학습 후보)","높음(시간·설비·LOT 분할 필수)","5","5","4","97","A: 우선 검토","Guidebook_소성가공 예지보전 AI 데이터셋.pdf","verified","실제 과제 목표·평가지표·라벨 정의 공개 후 재평가"
"49","소성가공 품질보증 AI 데이터셋","압출성형 품질보증 분석을 위한 압출성형기 데이터","품질보증·예측","품질/예지보전","뿌리(소성가공)","csv","품질보증","Decision Tree(의사결정나무), Random Forest(랜덤 포레스트),Adaboost(에이다 부스트) 3가지 트리 계열 모델들을 통해 불량 판정을 진행한다.","높음(지도학습 후보)","높음(시간·설비·LOT 분할 필수)","5","5","4","97","A: 우선 검토","Guidebook_소성가공 품질보증 AI 데이터셋.pdf","verified","실제 과제 목표·평가지표·라벨 정의 공개 후 재평가"
"50","정밀가공 품질보증 AI 데이터셋","정밀가공 품질보증 분석을 위한 정밀가공 데이터","품질보증·예측","품질/예지보전","정밀가공","csv","품질보증","Deep Neural Network(DNN, 심층신경망)","높음(지도학습 후보)","높음(시간·설비·LOT 분할 필수)","5","5","4","97","A: 우선 검토","Guidebook_정밀가공 품질보증 AI 데이터셋.pdf","verified","실제 과제 목표·평가지표·라벨 정의 공개 후 재평가"
"51","용접 예지보전 AI 데이터셋","용접 설비 이상 데이터를 탐지하기 위한 용접기 데이터","예지보전·고장진단","예지보전","뿌리(용접접합)","csv","예지보전","LSTM AE (LSTM Autoencoder)","높음(지도학습 후보)","높음(시간·설비·LOT 분할 필수)","5","5","4","97","A: 우선 검토","Guidebook_용접 예지보전 AI 데이터셋.pdf","verified","실제 과제 목표·평가지표·라벨 정의 공개 후 재평가"
"52","용접 공정최적화 AI 데이터셋","용접공정 최적 조건 분석을 위한 용접기 데이터","공정·자원 최적화","최적화","뿌리(용접접합)","csv","생산공정 최적화","의사결정나무, XGBoost, LightGBM","높음(지도학습 후보)","높음(시간·설비·LOT 분할 필수)","4","5","4","92","A: 우선 검토","Guidebook_용접 공정최적화 AI 데이터셋.pdf","verified","실제 과제 목표·평가지표·라벨 정의 공개 후 재평가"
"53","주조 공정최적화 AI 데이터셋","다이캐스팅 공정 최적화를 위한 다이캐스팅 데이터","공정·자원 최적화","최적화","뿌리(주조)","csv","생산공정 최적화","Decision Tree, RandomForest, XGBoost, LightGBM, HistGradientBoost","높음(지도학습 후보)","중간(그룹·시간 컬럼 확인)","4","5","4","94","A: 우선 검토","Guidebook_주조 공정최적화 AI 데이터셋.pdf","verified","실제 과제 목표·평가지표·라벨 정의 공개 후 재평가"
"54","주조 설비 예지보전 AI 데이터셋","다이캐스팅 설비 이상 상태 예측을 위한 공정 및 설비 데이터","예지보전·고장진단","예지보전","뿌리(주조)","csv","예지보전","랜덤포레스트(Random Forest)를 이용하여 정상/비정상 선별에 중요한 공정 데이터를 선별 및 예측하 고 예측 정확도를 확인한다.","높음(지도학습 후보)","중간(그룹·시간 컬럼 확인)","5","5","4","100","A: 우선 검토","Guidebook_주조 설비 예지보전 AI 데이터셋.pdf","verified","실제 과제 목표·평가지표·라벨 정의 공개 후 재평가"
"55","주조 품질보증 AI 데이터셋","다이캐스팅 설비 품질 예측을 위한 공정 및 설비 데이터","품질보증·예측","품질/예지보전","뿌리(주조)","csv","품질보증","XGBoost를 이용하여 양품/불량 판별에 중요한 공정 데이터를 학습하고 그 결과를 예측한다.","높음(지도학습 후보)","높음(시간·설비·LOT 분할 필수)","5","5","4","97","A: 우선 검토","Guidebook_주조 품질보증 AI 데이터셋.pdf","verified","실제 과제 목표·평가지표·라벨 정의 공개 후 재평가"
"56","사출성형 예지보전 AI 데이터셋","정상/비정상 상태 분석 및 예측을 위한 사출성형기 데이터","예지보전·고장진단","예지보전","사출성형","csv","예지보전","오토인코더(AutoEncoder)를 이용하여 정상/비정상 상태 진단에 중요한 공정 데이터를 선별 및 예측하고 예측 정확도를 확인한다.","높음(지도학습 후보)","중간(그룹·시간 컬럼 확인)","5","5","4","100","A: 우선 검토","Guidebook_사출성형 예지보전 AI 데이터셋.pdf","verified","실제 과제 목표·평가지표·라벨 정의 공개 후 재평가"
"57","전자부품(배터리팩) 예지보전 AI 데이터셋","전기차용 배터리모듈 용접 불량 분석을 위한 레이저 용접기 데이터","예지보전·고장진단","예지보전","전자부품","csv","예지보전","N-HiTS, 통계분포 Z-score 알고리즘","높음(지도학습 후보)","높음(시간·설비·LOT 분할 필수)","5","5","4","97","A: 우선 검토","Guidebook_전자부품(배터리팩) 예지보전 AI 데이터셋.pdf","verified","실제 과제 목표·평가지표·라벨 정의 공개 후 재평가"
"58","전자부품(배터리팩) 품질보증 AI 데이터셋","전기차용 배터리팩 품질 향상을 위한 배터리팩 충·방전 시험기 데이터","품질보증·예측","품질/예지보전","전자부품","csv","품질보증","MTadGAN (Multivariate Time Series Anomaly Detection by Generative Adversarial Network)","높음(지도학습 후보)","높음(시간·설비·LOT 분할 필수)","5","5","4","97","A: 우선 검토","Guidebook_전자부품(배터리팩) 품질보증 AI 데이터셋.pdf","verified","실제 과제 목표·평가지표·라벨 정의 공개 후 재평가"
"59","기계부품 품질보증 AI 데이터셋","냉간단조 설비의 품질을 예측하기 위한 냉간단조기 데이터","품질보증·예측","품질/예지보전","기계부품","csv","품질보증","Xgboost Classifier","높음(지도학습 후보)","높음(시간·설비·LOT 분할 필수)","5","5","4","97","A: 우선 검토","Guidebook_기계부품 품질보증 AI 데이터셋.pdf","verified","실제 과제 목표·평가지표·라벨 정의 공개 후 재평가"
"60","열처리 품질보증 AI 데이터셋","열처리 공정의 품질을 예측하기 위한 품질 및 공정 데이터","품질보증·예측","품질/예지보전","뿌리(열처리)","csv","품질보증","XGBoost(Extreme Gradient Boosting)","높음(지도학습 후보)","높음(시간·설비·LOT 분할 필수)","5","5","4","97","A: 우선 검토","Guidebook_열처리 품질보증 AI 데이터셋.pdf","verified","실제 과제 목표·평가지표·라벨 정의 공개 후 재평가"
"61","열처리 공정최적화 AI 데이터셋","열처리 공정 최적값 예측을 위한 품질 및 공정 데이터","공정·자원 최적화","최적화","뿌리(열처리)","csv","생산공정 최적화","선형 회귀(Linear Regression)","높음(지도학습 후보)","높음(시간·설비·LOT 분할 필수)","4","5","4","92","A: 우선 검토","Guidebook_열처리 공정최적화 AI 데이터셋.pdf","verified","실제 과제 목표·평가지표·라벨 정의 공개 후 재평가"
"62","의류 품질보증 AI 데이터셋","염색공정 품질 예측을 위한 염색가공 품질 및 공정 데이터","품질보증·예측","품질/예지보전","의류","csv","품질보증","XGBoost(Extreme Gradient Boosting) 회귀","높음(지도학습 후보)","높음(시간·설비·LOT 분할 필수)","5","5","4","97","A: 우선 검토","Guidebook_의류 품질보증 AI 데이터셋.pdf","verified","실제 과제 목표·평가지표·라벨 정의 공개 후 재평가"
"90","의류 공정최적화 AI 데이터셋","염색공정의 공정최적값 예측을 위한 염색가공 품질 및 공정 데이터","공정·자원 최적화","최적화","의류","csv","생산공정 최적화","1) 랜덤포레스트 회귀 2) 유전 알고리즘","높음(지도학습 후보)","중간(그룹·시간 컬럼 확인)","4","5","4","94","A: 우선 검토","Guidebook_의류 공정최적화 AI 데이터셋.pdf","verified","실제 과제 목표·평가지표·라벨 정의 공개 후 재평가"
