"Dataset_ID","Dataset_Name","Task_Class","File","Size_Bytes","SHA256","Source","Downloaded"
"1","제조 현장용 OCR학습 AI 데이터셋","공정·자원 최적화","01. Guidebook_OCR.pdf","6464227","05E20502A855BAFA90DEE8281C466ADF90F982DC32E9CE6C79F2549A39B73BE3","https://www.kamp-ai.kr/aidataList","2026-09-11"
"2","Ford 엔진 진동 AI 데이터셋","예지보전·고장진단","02. Guidebook_FordEngine.pdf","16513360","18D8478AB348175346F03D5F227F5E16A1AA4DE82C67DECFB2469E648492A8F9","https://www.kamp-ai.kr/aidataList","2026-09-11"
"3","CNC 머신 AI 데이터셋","공정·자원 최적화","03. Guidebook_CNC.pdf","17079804","7B1FE7995C5536C04939B76E05D88B5835F1FD9D943065C0A19A96D1DE371581","https://www.kamp-ai.kr/aidataList","2026-09-11"
"4","사출성형기 AI 데이터셋","품질보증·예측","04. Guidebook_Molding.pdf","33461457","108F730288D97721AB752E3FF19953F901C7611829D99A766C914BC221FF30F5","https://www.kamp-ai.kr/aidataList","2026-09-11"
"5","용접기 AI 데이터셋","품질보증·예측","05. Guidebook_Welding.pdf","12408593","584C057B35DFF4C03CC54BBB753B662696B9F3DB54887AC7289EC9805D694D81","https://www.kamp-ai.kr/aidataList","2026-09-03"
"6","머신비전 AI 데이터셋","품질보증·예측","06. Guidebook_Machinevision.pdf","15684904","F059FAE290A40A7CDE57C01254FA8BD93E40A52DF3C29BED35F7265D1926BBAB","https://www.kamp-ai.kr/aidataList","2026-09-11"
"7","프레스기 AI 데이터셋","공정·자원 최적화","07. Guidebook_Press.pdf","10762566","20ADBCC0D4F7C48C1603C75F78B691CE7FAA168258A8B629C33C001D7AC2FC04","https://www.kamp-ai.kr/aidataList","2026-09-11"
"8","용해탱크 AI 데이터셋","품질보증·예측","08. Guidebook_Meltingtank.pdf","6950141","8883E8C8B0ED3BDE0DED701C43A0C1C87469AAEA49146F08BEA26BFC2D3486FA","https://www.kamp-ai.kr/aidataList","2026-09-11"
"9","교반구동장치 AI 데이터셋","예지보전·고장진단","09. Guidebook_Mixer.pdf","7964828","26C6474EF7347E475C8195EF313664CB07830B3BEFDB5D05FEA0E6AE77A49B68","https://www.kamp-ai.kr/aidataList","2026-09-11"
"10","살균기 AI 데이터셋","품질보증·예측","10. Guidebook_Pasteurizer.pdf","8889029","C9E5387434C6DE9B3C30218D5E698AE1A929B669B73C6B82A2539B7C99AEF1D9","https://www.kamp-ai.kr/aidataList","2026-09-11"
"11","건조구동장치 AI 데이터셋","예지보전·고장진단","11. Guidebook_Dryer.pdf","7740238","2F8BC60EFAB4D82F5693B82C3506497B9F30C0249DC605BF83B9558C4180D799","https://www.kamp-ai.kr/aidataList","2026-09-11"
"12","X-ray 검사장비 AI 데이터셋","품질보증·예측","12. Guidebook_XrayInspection.pdf","10041664","0FEDDD08813D403FC489050B47D4F085EEE5C1A363665AF26733DD6E65016CCF","https://www.kamp-ai.kr/aidataList","2026-09-11"
"16","제조현장용 Scene-Text Recognition 학습 AI 데이터셋","품질보증·예측","Guidebook_제조현장용 Scene-Text Recognition 학습 AI 데이터셋.pdf","8088567","1E49C720716F58C4E7E7B986BAA4EA93569DF29B05D803D8C81FFE6499E01640","https://www.kamp-ai.kr/aidataList","2026-09-11"
"18","회전기계 고장유형 AI 데이터셋","예지보전·고장진단","Guidebook_회전기계 고장유형 AI 데이터셋.pdf","7511097","AE5F4844FEB37420DBDE914EB689EF679EB5A9371E93A448612DDA6B1FA93508","https://www.kamp-ai.kr/aidataList","2026-09-11"
"19","공정운영 최적화 AI 데이터셋","공정·자원 최적화","Guidebook_공정운영 최적화 AI 데이터셋.pdf","11130119","F64E51670A2AE5E300741B52E662B727E3FD756354FABD80795F4BAA337ECB23","https://www.kamp-ai.kr/aidataList","2026-09-11"
"20","품질 이상탐지,진단(전해탈지) AI 데이터셋","품질 이상탐지·진단","Guidebook_품질 이상탐지, 진단(전해탈지) AI 데이터셋.pdf","9203994","FF526B5F08A43439CE11A6DABBD2D0A1A2DC77685865A2B1CB43A6BCE0F368B5","https://www.kamp-ai.kr/aidataList","2026-09-11"
"21","품질 이상탐지,진단(도금욕) AI 데이터셋","품질 이상탐지·진단","Guidebook_품질 이상탐지, 진단(도금욕) AI 데이터셋.pdf","12677573","BC2DB5F7827179F28483CEA42E78A05450117494636271F67E997501536A8FA3","https://www.kamp-ai.kr/aidataList","2026-09-11"
"23","장비이상 조기탐지 AI 데이터셋","예지보전·고장진단","Guidebook_장비이상 조기탐지 AI 데이터셋.pdf","19901098","55308424788022DFFB4B8E9D02B480B8984B9C3621716D827634F896B43A29D0","https://www.kamp-ai.kr/aidataList","2026-09-11"
"25","품질 이상탐지,진단(크로메이트) AI 데이터셋","품질 이상탐지·진단","Guidebook_품질 이상탐지, 진단(크로메이트) AI 데이터셋.pdf","12840991","57D95DBAE9898DB006E2AA3A80DE385FBC7DB50F18E8B4F056914A846A79F363","https://www.kamp-ai.kr/aidataList","2026-09-11"
"26","공급망 최적화 AI 데이터셋","공정·자원 최적화","Guidebook_공급망 최적화 AI 데이터셋.pdf","5378174","0FC090DCDF12850453E94C11619C4AD115017D6A562E71E900CEC2C7B40612C8","https://www.kamp-ai.kr/aidataList","2026-09-11"
"27","자원 최적화 AI 데이터셋","공정·자원 최적화","Guidebook_자원 최적화 AI 데이터셋.pdf","6881617","E230FB19F46373FC0607251EB1215B004EDE9703BBF578C4E0A9B16B3C4F5C1F","https://www.kamp-ai.kr/aidataList","2026-09-11"
"28","생산공정 최적화 AI 데이터셋","공정·자원 최적화","Guidebook_생산공정 최적화 AI 데이터셋.pdf","8359437","C75502B97B0222BA13787F53210CF33092230572A6DCEBDF93A5F5213A84152D","https://www.kamp-ai.kr/aidataList","2026-09-11"
"29","제조현장 안전관리 AI 데이터셋","기타","Guidebook_제조현장 안전관리 AI 데이터셋.pdf","10485620","34F7FE6CAEABABB056EF38DE5ADA5E4C55B7B90528B58CF37936AD184E4421BF","https://www.kamp-ai.kr/aidataList","2026-09-11"
"30","생산계획 최적화 AI 데이터셋","공정·자원 최적화","Guidebook_생산계획 최적화 AI 데이터셋.pdf","7306810","78621EA818CD71B742477043E23B9241517826B2755CCC238A0994D46DE163AE","https://www.kamp-ai.kr/aidataList","2026-09-11"
"36","표면처리 공급망 최적화 AI 데이터셋","공정·자원 최적화","Guidebook_표면처리 공급망최적화 AI 데이터셋.pdf","13507346","40F097AD84559A9AB5EEB82891E060F8F90B605744F7AFA309F0390112EAA5C5","https://www.kamp-ai.kr/aidataList","2026-09-11"
"37","열처리 공급망 최적화 AI 데이터셋","공정·자원 최적화","Guidebook_열처리 공급망최적화 AI 데이터셋.pdf","14770294","518BDD423D8D2BF6519F76DE44FEDE1994A341391EF623FAC35BDC1BA99BF921","https://www.kamp-ai.kr/aidataList","2026-09-11"
"40","사출성형 공급망 최적화 AI 데이터셋","공정·자원 최적화","Guidebook_사출성형 공급망최적화 AI 데이터셋.pdf","13174219","624CEB9DE8FE8BFAE9094BBFD29913F759CF5BC1803B60DCCA372F2448B85EB0","https://www.kamp-ai.kr/aidataList","2026-09-11"
"41","표면처리 자원 최적화 AI 데이터셋","공정·자원 최적화","Guidebook_표면처리 자원최적화 AI 데이터셋.pdf","8772964","4DE6581B57087EEC094E3EAEA556745A39F8D344F3A9DE62B6E07DD1A1556E66","https://www.kamp-ai.kr/aidataList","2026-09-11"
"42","화장품 품질보증 AI 데이터셋","품질보증·예측","Guidebook_화장품 품질보증 AI 데이터셋.pdf","14207576","D9514B58D3483BB0788D0AFAC9B64DF87E077AEA02DE517C0615F57A600799CE","https://www.kamp-ai.kr/aidataList","2026-09-11"
"43","열처리 예지보전 AI 데이터셋","예지보전·고장진단","Guidebook_열처리 예지보전 AI 데이터셋.pdf","11094465","E8BF51A60769F11BD5DD663920C1DB65ABDE2D8FAB607C16564FCB60B7C051CC","https://www.kamp-ai.kr/aidataList","2026-09-11"
"44","정밀가공 자원최적화 AI 데이터셋","공정·자원 최적화","Guidebook_정밀가공 자원최적화 AI 데이터셋.pdf","10837314","E94D56FA6FB9E727A088B8C08EE38277AD3FDDF680961029D980A93D614EB713","https://www.kamp-ai.kr/aidataList","2026-09-11"
"45","로봇용접 예지보전 AI 데이터셋","예지보전·고장진단","Guidebook_로봇용접 예지보전 AI 데이터셋.pdf","13031919","73663330CBA861D892776959C077A708611F56E26C49E1A57DDA9DD6062559A6","https://www.kamp-ai.kr/aidataList","2026-09-11"
"46","소성가공 자원최적화 AI 데이터셋","공정·자원 최적화","Guidebook_소성가공 자원최적화 AI 데이터셋.pdf","7428539","34395C2B8D1DAB7CDFDF4D88BF72F8AC876DD15DBA1790208FC556D9C0A30A6F","https://www.kamp-ai.kr/aidataList","2026-09-11"
"47","전자부품(음향기기) 품질보증 AI 데이터셋","품질보증·예측","Guidebook_전자부품(음향기기) 품질보증 AI 데이터셋.pdf","7056728","4D890C4F26B4A649A1C93189A02BAC794F424A69662DFCFA4D212B3185129FDA","https://www.kamp-ai.kr/aidataList","2026-09-11"
"48","소성가공 예지보전 AI 데이터셋","예지보전·고장진단","Guidebook_소성가공 예지보전 AI 데이터셋.pdf","10622525","CB2FEA9CC8F351710DB02E0FF866D42F93A8983A102F60158563322FCFF91F8C","https://www.kamp-ai.kr/aidataList","2026-09-11"
"49","소성가공 품질보증 AI 데이터셋","품질보증·예측","Guidebook_소성가공 품질보증 AI 데이터셋.pdf","10406220","F56F057ED8F61E60CA3A030A5E78B6D4D1B52B2C44FA31097B12658C05F2DF33","https://www.kamp-ai.kr/aidataList","2026-09-11"
"50","정밀가공 품질보증 AI 데이터셋","품질보증·예측","Guidebook_정밀가공 품질보증 AI 데이터셋.pdf","9453806","3D8C26E55411C5A047B7131F9348863E882DA92409450DB8FC2AF09CC6F600E7","https://www.kamp-ai.kr/aidataList","2026-09-11"
"51","용접 예지보전 AI 데이터셋","예지보전·고장진단","Guidebook_용접 예지보전 AI 데이터셋.pdf","11135738","0F2AB58495A8F0CCE6D72597F67AFB7576E7C8B685FEEC9269CF11F0FB9FCF7C","https://www.kamp-ai.kr/aidataList","2026-09-11"
"52","용접 공정최적화 AI 데이터셋","공정·자원 최적화","Guidebook_용접 공정최적화 AI 데이터셋.pdf","11089571","D36BE8BB97701048EB9C22B0ABF7F16E33AE827428A1D2B83A72B9895AC53B25","https://www.kamp-ai.kr/aidataList","2026-09-11"
"53","주조 공정최적화 AI 데이터셋","공정·자원 최적화","Guidebook_주조 공정최적화 AI 데이터셋.pdf","2989556","C4399EC470D3967F19C77B5F650CB83482A6CBC8BDB98A7FC9D1395C676083C0","https://www.kamp-ai.kr/aidataList","2026-09-11"
"54","주조 설비 예지보전 AI 데이터셋","예지보전·고장진단","Guidebook_주조 설비 예지보전 AI 데이터셋.pdf","15316388","E27DE691BEC3362917825C90A161E7539B030E145CC488E74D5426AD0628F7C0","https://www.kamp-ai.kr/aidataList","2026-09-11"
"55","주조 품질보증 AI 데이터셋","품질보증·예측","Guidebook_주조 품질보증 AI 데이터셋.pdf","15786028","20ED811A103B02FA62A89A05B78F14B7EC9FF83E9FDA683A50A3FC7758ECEBBC","https://www.kamp-ai.kr/aidataList","2026-09-11"
"56","사출성형 예지보전 AI 데이터셋","예지보전·고장진단","Guidebook_사출성형 예지보전 AI 데이터셋.pdf","14756285","7BE566CDF92AE68BAE765BA99A80F242BF3B3ADD9E5B00D048E95DC2F392100E","https://www.kamp-ai.kr/aidataList","2026-09-11"
"57","전자부품(배터리팩) 예지보전 AI 데이터셋","예지보전·고장진단","Guidebook_전자부품(배터리팩) 예지보전 AI 데이터셋.pdf","18150479","78D2BA77AD1F8DB2588FD6DCFBB9F3606E3A7B596758993D6A49FD3E03293C30","https://www.kamp-ai.kr/aidataList","2026-09-11"
"58","전자부품(배터리팩) 품질보증 AI 데이터셋","품질보증·예측","Guidebook_전자부품(배터리팩) 품질보증 AI 데이터셋.pdf","19035412","D99C1B166B5B4AA7209CEDA76B61C99F3E2FB1DA2969331702849DC75D447218","https://www.kamp-ai.kr/aidataList","2026-09-11"
"59","기계부품 품질보증 AI 데이터셋","품질보증·예측","Guidebook_기계부품 품질보증 AI 데이터셋.pdf","6463514","2E511EC1EE6921150D33F59620556C2771B9A46B3AEFF298C614105E6F9F7E4F","https://www.kamp-ai.kr/aidataList","2026-09-11"
"60","열처리 품질보증 AI 데이터셋","품질보증·예측","Guidebook_열처리 품질보증 AI 데이터셋.pdf","10017640","EBB88DFCB5374948CA31D428E0622711A178973ED1F3429FC2CC93D8463C77A4","https://www.kamp-ai.kr/aidataList","2026-09-11"
"61","열처리 공정최적화 AI 데이터셋","공정·자원 최적화","Guidebook_열처리 공정최적화 AI 데이터셋.pdf","8515042","4A8AFC0CE2C2328B4FCD6E981A109D7EAE3224AD2DD7868D2849630EF0F45948","https://www.kamp-ai.kr/aidataList","2026-09-11"
"62","의류 품질보증 AI 데이터셋","품질보증·예측","Guidebook_의류 품질보증 AI 데이터셋.pdf","12223125","E793424BFD80E76F443501FF8787B6199CB7B86D575BA8D131AED3496804B807","https://www.kamp-ai.kr/aidataList","2026-09-11"
"90","의류 공정최적화 AI 데이터셋","공정·자원 최적화","Guidebook_의류 공정최적화 AI 데이터셋.pdf","12785617","0BEB384D3DC432EA7FED18505887DAA274105581FDC8E1C3F74F9F9BBD5B15A5","https://www.kamp-ai.kr/aidataList","2026-09-11"
