Dataset_ID,Dataset_Name,Task_Class,Guidebook_Algorithm,Flags,Summary_Page,Variables_Pages,Split_Hits,Result_Hits,Collect_Period,Collect_Interval,Full_MD
1,제조 현장용 OCR학습 AI 데이터셋,공정·자원 최적화,확률적 경사 하강법(stochastic gradient descent)를 활용한 딥러닝 기반의 이미지 분류 알고리즘,accuracy-only,5,7;8;9;10,0,13,,,kamp-guidebooks-md/01_제조_현장용_OCR학습_AI_데이터셋.md
2,Ford 엔진 진동 AI 데이터셋,예지보전·고장진단,"로지스틱 회귀, XGBoost, 합성곱신경망(CNN), 순환신경망(RNN)",group/time-split-mentioned;deep-net-baseline;classic-baseline,5,9;10,3,18,,,kamp-guidebooks-md/02_Ford_엔진_진동_AI_데이터셋.md
3,CNC 머신 AI 데이터셋,공정·자원 최적화,딥뉴럴네트워크 (Deep Neural Network),group/time-split-mentioned;deep-net-baseline,5,10;11;12,14,13,10/19~10/23 (5일),1 sec,kamp-guidebooks-md/03_CNC_머신_AI_데이터셋.md
4,사출성형기 AI 데이터셋,품질보증·예측,라벨이 있는 데이터와 라벨이 없는 데이터를 모두 훈련에 사용하여 학습된 모델을 다양한 기계학습 모,random-split,5,17;18;19;20,5,18,,,kamp-guidebooks-md/04_사출성형기_AI_데이터셋.md
5,용접기 AI 데이터셋,품질보증·예측,Anomaly detection (이상치 탐지) - 오토인코더,random-split;deep-net-baseline,5,11;12;13,3,2,,,kamp-guidebooks-md/05_용접기_AI_데이터셋.md
6,머신비전 AI 데이터셋,품질보증·예측,비선형 SVM Machine ( 좌 우 제품에 각각 적용 ),random-split,5,11;12;13;14,1,0,,,kamp-guidebooks-md/06_머신비전_AI_데이터셋.md
7,프레스기 AI 데이터셋,공정·자원 최적화,혼합 가우시안 모델(Gaussian Mixture Model),group/time-split-mentioned,5,9;10;11;12,1,0,2020/05/04 ~ 2020/05/29,"사이클 타임 4초, Proessing time은 0.5초",kamp-guidebooks-md/07_프레스기_AI_데이터셋.md
8,용해탱크 AI 데이터셋,품질보증·예측,LSTM(Long Short-Term Memory)을 이용하여 시계열 데이터 기반의 품질예측을 수행하고 예측,random-split;deep-net-baseline,5,8;9;10;11,5,18,,,kamp-guidebooks-md/08_용해탱크_AI_데이터셋.md
9,교반구동장치 AI 데이터셋,예지보전·고장진단,K-최근접 이웃(K-NN) 회귀를 이용하여 표준데이터를 추출하고 <BR>이에 대한 불량 예측값과 실제,random-split;classic-baseline,5,10;11,6,18,,,kamp-guidebooks-md/09_교반구동장치_AI_데이터셋.md
10,살균기 AI 데이터셋,품질보증·예측,의사결정나무(Decision Tree)를 이용하여 품질 불량 선별에 중요한 설비운영데이터를 선별 및 예측,classic-baseline,5,10;11,0,18,,,kamp-guidebooks-md/10_살균기_AI_데이터셋.md
11,건조구동장치 AI 데이터셋,예지보전·고장진단,주성분 분석 (PCA),random-split,5,9;10;11,1,0,,,kamp-guidebooks-md/11_건조구동장치_AI_데이터셋.md
12,X-ray 검사장비 AI 데이터셋,품질보증·예측,YOLOv3,random-split,5,9;10,10,18,,,kamp-guidebooks-md/12_X-ray_검사장비_AI_데이터셋.md
16,제조현장용 Scene-Text Recognition 학습 AI 데이터셋,품질보증·예측,마스크 어텐션을 활용한 Scene-Text 스포팅 알고리즘 (Mango : A Mask Attention Guided,,5,8;9,0,4,,,kamp-guidebooks-md/16_제조현장용_Scene-Text_Recognition_학습_AI_데이터셋.md
18,회전기계 고장유형 AI 데이터셋,예지보전·고장진단,"심층신경망(DNN), 합성곱신경망(CNN), 순환신경망(RNN)",group/time-split-mentioned;accuracy-only;deep-net-baseline,5,12;13,11,18,,,kamp-guidebooks-md/18_회전기계_고장유형_AI_데이터셋.md
19,공정운영 최적화 AI 데이터셋,공정·자원 최적화,Decision Tree(의사결정나무),random-split;classic-baseline,5,9;10,4,18,2021년 09월 06일 ~ 2021년 10월 27일,5 sec,kamp-guidebooks-md/19_공정운영_최적화_AI_데이터셋.md
20,"품질 이상탐지,진단(전해탈지) AI 데이터셋",품질 이상탐지·진단,autoKeras의 Regression,random-split,5,9;10,6,18,2021년 09월 06일 ~ 2021년 10월 27일,5 sec,"kamp-guidebooks-md/20_품질_이상탐지,진단(전해탈지)_AI_데이터셋.md"
21,"품질 이상탐지,진단(도금욕) AI 데이터셋",품질 이상탐지·진단,"Decision Tree(의사결정나무), autoKeras의 Regression",random-split;classic-baseline,5,9;10,9,18,2021년 09월 06일 ~ 2021년 10월 27일,5 sec,"kamp-guidebooks-md/21_품질_이상탐지,진단(도금욕)_AI_데이터셋.md"
23,장비이상 조기탐지 AI 데이터셋,예지보전·고장진단,Sound Data와 numerical Data를 특성을 활용하여 머신러닝의 Decision Tree 딥러닝의 Long-,random-split;classic-baseline,5,10;11,14,18,2021년 09월 06일 ~ 2021년 10월 27일,5 sec,kamp-guidebooks-md/23_장비이상_조기탐지_AI_데이터셋.md
25,"품질 이상탐지,진단(크로메이트) AI 데이터셋",품질 이상탐지·진단,"Decision Tree(의사결정나무), Convolutional Neural Networks(CNN)",random-split;deep-net-baseline;classic-baseline,5,9;10,10,18,2021년 09월 06일 ~ 2021년 10월 27일,5 sec,"kamp-guidebooks-md/25_품질_이상탐지,진단(크로메이트)_AI_데이터셋.md"
26,공급망 최적화 AI 데이터셋,공정·자원 최적화,"장단기 메모리(Long-Short Term Memory, LSTM)",group/time-split-mentioned;deep-net-baseline,5,9;10,14,18,2021년 9월 13일 ~ 2021년 11월 1일,평균 10시간,kamp-guidebooks-md/26_공급망_최적화_AI_데이터셋.md
27,자원 최적화 AI 데이터셋,공정·자원 최적화,"Random Forest, Deep Neural Network",random-split;deep-net-baseline,5,5;6;7;8,8,18,2021년 1월 1일 ~ 2021년 9월 14일 (9개월),,kamp-guidebooks-md/27_자원_최적화_AI_데이터셋.md
28,생산공정 최적화 AI 데이터셋,공정·자원 최적화,"연관규칙(Association rule), XGBoost",random-split,5,12;13;14,11,18,,,kamp-guidebooks-md/28_생산공정_최적화_AI_데이터셋.md
29,제조현장 안전관리 AI 데이터셋,기타,라벨이 있는 데이터를 Supervised learning(지도학습)을 통해 학습시키는 알고리즘을 선택한다.,random-split,5,11;12,14,18,2021년 10월 14일 ~ 2021년 10월 26일,24시간 촬영,kamp-guidebooks-md/29_제조현장_안전관리_AI_데이터셋.md
30,생산계획 최적화 AI 데이터셋,공정·자원 최적화,유전 알고리즘 (Genetic algorithm),group/time-split-mentioned,5,5;6;7;8,1,18,2021/02/10 ~ 2021/10/31 (7개월),생산 주문 리스트 도착할 시 수집,kamp-guidebooks-md/30_생산계획_최적화_AI_데이터셋.md
36,표면처리 공급망 최적화 AI 데이터셋,공정·자원 최적화,유전 알고리즘(Genetic Algorithm),random-split,5,11;12;13;14,2,18,2021/01/12 ~ 2022/05/03 (약 1년 4개월),제품 생산 주문 리스트 도착할 시 수집(하루 2회),kamp-guidebooks-md/36_표면처리_공급망_최적화_AI_데이터셋.md
37,열처리 공급망 최적화 AI 데이터셋,공정·자원 최적화,베이지안 신경망 (Bayesian Neural Network),group/time-split-mentioned,5,11;12,12,18,2022년 3월 1일 ~ 2022년 6월 30일,평균 3.5시간,kamp-guidebooks-md/37_열처리_공급망_최적화_AI_데이터셋.md
40,사출성형 공급망 최적화 AI 데이터셋,공정·자원 최적화,"1차원 합성곱 신경망 (One-dimensional Convolutional Neural Network, 1D CNN)",group/time-split-mentioned;deep-net-baseline,5,11;12,14,18,2022년 01월 26일 ~ 2022년 05월 11일,1일,kamp-guidebooks-md/40_사출성형_공급망_최적화_AI_데이터셋.md
41,표면처리 자원 최적화 AI 데이터셋,공정·자원 최적화,Randomforest,random-split;accuracy-only,5,10;11,1,18,2021년 02월 08일 ~ 2021년 10월 21일,0.5 sec,kamp-guidebooks-md/41_표면처리_자원_최적화_AI_데이터셋.md
42,화장품 품질보증 AI 데이터셋,품질보증·예측,DNN(Deep Neural Network),deep-net-baseline,5,9;10;11,3,18,2022년 03월 31일 ~ 2022년 04월 21일,0.5 sec,kamp-guidebooks-md/42_화장품_품질보증_AI_데이터셋.md
43,열처리 예지보전 AI 데이터셋,예지보전·고장진단,오토인코더 (Auto-Encoder),random-split;deep-net-baseline,5,10;11;12;13,14,18,2022년 01월 ~ 2022년 07월 (약 6개월),배치별 사이클 타임 약 1초,kamp-guidebooks-md/43_열처리_예지보전_AI_데이터셋.md
44,정밀가공 자원최적화 AI 데이터셋,공정·자원 최적화,LSTM Autoencoder,group/time-split-mentioned;deep-net-baseline,5,10;11,14,18,,,kamp-guidebooks-md/44_정밀가공_자원최적화_AI_데이터셋.md
45,로봇용접 예지보전 AI 데이터셋,예지보전·고장진단,Convolutional Autoencoder,random-split;deep-net-baseline,5,10;11,14,18,,,kamp-guidebooks-md/45_로봇용접_예지보전_AI_데이터셋.md
46,소성가공 자원최적화 AI 데이터셋,공정·자원 최적화,PyCaret을 이용한 Regression benchmark model analysis,group/time-split-mentioned,5,10;11;12,6,18,,,kamp-guidebooks-md/46_소성가공_자원최적화_AI_데이터셋.md
47,전자부품(음향기기) 품질보증 AI 데이터셋,품질보증·예측,"장단기 메모리(Long-Short Term Memory, LSTM)",random-split;deep-net-baseline,5,,8,18,,,kamp-guidebooks-md/47_전자부품(음향기기)_품질보증_AI_데이터셋.md
48,소성가공 예지보전 AI 데이터셋,예지보전·고장진단,LSTM-Autoencoder,random-split;deep-net-baseline,5,9;10;11;12,5,18,,,kamp-guidebooks-md/48_소성가공_예지보전_AI_데이터셋.md
49,소성가공 품질보증 AI 데이터셋,품질보증·예측,"Decision Tree(의사결정나무), Random Forest(랜덤 포레스트),Adaboost(에이다 부스트) 3가지",random-split;classic-baseline,5,8;9;10;11,6,18,2020년 10월 30일 0시 0분 4초 ~ 2020년 10월 30일 23시 59분 59초,,kamp-guidebooks-md/49_소성가공_품질보증_AI_데이터셋.md
50,정밀가공 품질보증 AI 데이터셋,품질보증·예측,"Deep Neural Network(DNN, 심층신경망)",random-split;deep-net-baseline,5,10;11,6,18,2022년 08월 23일 ~ 2022년 08월 27일,,kamp-guidebooks-md/50_정밀가공_품질보증_AI_데이터셋.md
51,용접 예지보전 AI 데이터셋,예지보전·고장진단,LSTM AE (LSTM Autoencoder),random-split;deep-net-baseline,5,8;9;10,4,18,2022년 01월 17일 ~ 2022년 04월 01일,5 min / pipe,kamp-guidebooks-md/51_용접_예지보전_AI_데이터셋.md
52,용접 공정최적화 AI 데이터셋,공정·자원 최적화,"의사결정나무, XGBoost, LightGBM",random-split;classic-baseline,5,5;6;7;8,11,18,2022년 01월 17일 ~ 2022년 03월 24일,5 min / pipe,kamp-guidebooks-md/52_용접_공정최적화_AI_데이터셋.md
53,주조 공정최적화 AI 데이터셋,공정·자원 최적화,"Decision Tree, RandomForest, XGBoost, LightGBM, HistGradientBoost",random-split;classic-baseline,0,5;6;7;8,14,18,2021년 08월 04일 ~ 2021년 10월 11일,,kamp-guidebooks-md/53_주조_공정최적화_AI_데이터셋.md
54,주조 설비 예지보전 AI 데이터셋,예지보전·고장진단,랜덤포레스트(Random Forest)를 이용하여 정상/비정상 선별에 중요한 공정 데이터를 선별 및 예측,random-split,5,15;16;17,10,18,,,kamp-guidebooks-md/54_주조_설비_예지보전_AI_데이터셋.md
55,주조 품질보증 AI 데이터셋,품질보증·예측,XGBoost를 이용하여 양품/불량 판별에 중요한 공정 데이터를 학습하고 그 결과를 예측한다.,group/time-split-mentioned,5,17;18;19,13,18,,,kamp-guidebooks-md/55_주조_품질보증_AI_데이터셋.md
56,사출성형 예지보전 AI 데이터셋,예지보전·고장진단,오토인코더(AutoEncoder)를 이용하여 정상/비정상 상태 진단에 중요한 공정 데이터를 선별 및 예측,group/time-split-mentioned;deep-net-baseline,5,17;18,14,18,,,kamp-guidebooks-md/56_사출성형_예지보전_AI_데이터셋.md
57,전자부품(배터리팩) 예지보전 AI 데이터셋,예지보전·고장진단,"N-HiTS, 통계분포 Z-score 알고리즘",group/time-split-mentioned,5,17;18,1,18,2022.07.01 ~ 2022.09.30,약 3 sec,kamp-guidebooks-md/57_전자부품(배터리팩)_예지보전_AI_데이터셋.md
58,전자부품(배터리팩) 품질보증 AI 데이터셋,품질보증·예측,MTadGAN (Multivariate Time Series Anomaly Detection by Generative Adversarial,random-split,5,17;18;19,8,18,2022. 07. 01 ~ 2022. 09. 30,1 sec,kamp-guidebooks-md/58_전자부품(배터리팩)_품질보증_AI_데이터셋.md
59,기계부품 품질보증 AI 데이터셋,품질보증·예측,Xgboost Classifier,group/time-split-mentioned,5,9;10;11;12,8,14,2022년 01월 ~ 2022년 07월 (약 6개월),배치별 사이클 타임 약 2~3초,kamp-guidebooks-md/59_기계부품_품질보증_AI_데이터셋.md
60,열처리 품질보증 AI 데이터셋,품질보증·예측,XGBoost(Extreme Gradient Boosting),group/time-split-mentioned,5,10;11;12,13,18,2022년 01월 ~ 2022년 07월 (약 6개월),배치별 사이클 타임 약 1초,kamp-guidebooks-md/60_열처리_품질보증_AI_데이터셋.md
61,열처리 공정최적화 AI 데이터셋,공정·자원 최적화,선형 회귀(Linear Regression),random-split;classic-baseline,5,10;11;12,13,18,2022년 01월 ~ 2022년 07월 (약 6개월),배치별 사이클 타임 약 1초,kamp-guidebooks-md/61_열처리_공정최적화_AI_데이터셋.md
62,의류 품질보증 AI 데이터셋,품질보증·예측,XGBoost(Extreme Gradient Boosting) 회귀,group/time-split-mentioned;classic-baseline,5,12;13;14,14,18,2022년 1월 ~ 2022년 10월 (약 10개월),① ‘LOT 물량’ 데이터 - 불규칙(LOT 종료시 수집),kamp-guidebooks-md/62_의류_품질보증_AI_데이터셋.md
90,의류 공정최적화 AI 데이터셋,공정·자원 최적화,1) 랜덤포레스트 회귀<BR>2) 유전 알고리즘,group/time-split-mentioned;classic-baseline,5,13;14;15,14,18,2022년 1월 ~ 2022년 10월 (약 10개월),① ‘LOT 물량’ 데이터 - 불규칙(LOT 종료시 수집),kamp-guidebooks-md/90_의류_공정최적화_AI_데이터셋.md
